Title ,Team,Owner,Agent Description,Category,Agent Name,Score,Last Updated
We are here to test the monopoly title,T1,O1,kascbascjk ladj clakn ladk ncl kancl;asclka kl;cm l;kasmclakscnlaksn claksnclaksn c;lkansclkan  sclkansxc.knaslknascl,Cat-1,Sat - 1,Sc - 1,
A2,T2,O2,kascbascjk ladj clakn ladk ncl kancl;asclka kl;cm l;kasmclakscnlaksn claksnclaksn c;lkansclkan  sclkansxc.knaslknascl,Cat-2,Sat - 2,Sc - 2,
A3,T3,O3,kascbascjk ladj clakn ladk ncl kancl;asclka kl;cm l;kasmclakscnlaksn claksnclaksn c;lkansclkan  sclkansxc.knaslknascl,Cat-3,Sat - 3,Sc - 3,
A4,T4,O4,kascbascjk ladj clakn ladk ncl kancl;asclka kl;cm l;kasmclakscnlaksn claksnclaksn c;lkansclkan  sclkansxc.knaslknascl,Cat-4,Sat - 4,Sc - 4,
A5,T5,O5,kascbascjk ladj clakn ladk ncl kancl;asclka kl;cm l;kasmclakscnlaksn claksnclaksn c;lkansclkan  sclkansxc.knaslknascl,Cat-5,Sat - 5,Sc - 5,
A6,T6,O6,kascbascjk ladj clakn ladk ncl kancl;asclka kl;cm l;kasmclakscnlaksn claksnclaksn c;lkansclkan  sclkansxc.knaslknascl,Cat-6,Sat - 6,Sc - 6,
A7,T7,O7,kascbascjk ladj clakn ladk ncl kancl;asclka kl;cm l;kasmclakscnlaksn claksnclaksn c;lkansclkan  sclkansxc.knaslknascl,Cat-7,Sat - 7,Sc - 7,
A8,T8,O8,kascbascjk ladj clakn ladk ncl kancl;asclka kl;cm l;kasmclakscnlaksn claksnclaksn c;lkansclkan  sclkansxc.knaslknascl,Cat-8,Sat - 8,Sc - 8,
A9,T9,O9,kascbascjk ladj clakn ladk ncl kancl;asclka kl;cm l;kasmclakscnlaksn claksnclaksn c;lkansclkan  sclkansxc.knaslknascl,Cat-9,Sat - 9,Sc - 9,
A10,T10,O10,kascbascjk ladj clakn ladk ncl kancl;asclka kl;cm l;kasmclakscnlaksn claksnclaksn c;lkansclkan  sclkansxc.knaslknascl,Cat-10,Sat - 10,Sc - 10,
A11,T11,O11,kascbascjk ladj clakn ladk ncl kancl;asclka kl;cm l;kasmclakscnlaksn claksnclaksn c;lkansclkan  sclkansxc.knaslknascl,Cat-11,Sat - 11,Sc - 11,
A12,T12,O12,kascbascjk ladj clakn ladk ncl kancl;asclka kl;cm l;kasmclakscnlaksn claksnclaksn c;lkansclkan  sclkansxc.knaslknascl,Cat-12,Sat - 12,Sc - 12,
A13,T13,O13,kascbascjk ladj clakn ladk ncl kancl;asclka kl;cm l;kasmclakscnlaksn claksnclaksn c;lkansclkan  sclkansxc.knaslknascl,Cat-13,Sat - 13,Sc - 13,
A14,T14,O14,kascbascjk ladj clakn ladk ncl kancl;asclka kl;cm l;kasmclakscnlaksn claksnclaksn c;lkansclkan  sclkansxc.knaslknascl,Cat-14,Sat - 14,Sc - 14,
A15,T15,O15,kascbascjk ladj clakn ladk ncl kancl;asclka kl;cm l;kasmclakscnlaksn claksnclaksn c;lkansclkan  sclkansxc.knaslknascl,Cat-15,Sat - 15,Sc - 15,
A16,T16,O16,kascbascjk ladj clakn ladk ncl kancl;asclka kl;cm l;kasmclakscnlaksn claksnclaksn c;lkansclkan  sclkansxc.knaslknascl,Cat-16,Sat - 16,Sc - 16,
A17,T17,O17,kascbascjk ladj clakn ladk ncl kancl;asclka kl;cm l;kasmclakscnlaksn claksnclaksn c;lkansclkan  sclkansxc.knaslknascl,Cat-17,Sat - 17,Sc - 17,
A18,T18,O18,kascbascjk ladj clakn ladk ncl kancl;asclka kl;cm l;kasmclakscnlaksn claksnclaksn c;lkansclkan  sclkansxc.knaslknascl,Cat-18,Sat - 18,Sc - 18,
A19,T19,O19,kascbascjk ladj clakn ladk ncl kancl;asclka kl;cm l;kasmclakscnlaksn claksnclaksn c;lkansclkan  sclkansxc.knaslknascl,Cat-19,Sat - 19,Sc - 19,
A20,T20,O20,kascbascjk ladj clakn ladk ncl kancl;asclka kl;cm l;kasmclakscnlaksn claksnclaksn c;lkansclkan  sclkansxc.knaslknascl,Cat-20,Sat - 20,Sc - 20,
A21,T21,O21,kascbascjk ladj clakn ladk ncl kancl;asclka kl;cm l;kasmclakscnlaksn claksnclaksn c;lkansclkan  sclkansxc.knaslknascl,Cat-21,Sat - 21,Sc - 21,
A22,T22,O22,kascbascjk ladj clakn ladk ncl kancl;asclka kl;cm l;kasmclakscnlaksn claksnclaksn c;lkansclkan  sclkansxc.knaslknascl,Cat-22,Sat - 22,Sc - 22,
A23,T23,O23,kascbascjk ladj clakn ladkncl kancl;ascl ka kl;cml;kasmclakscnlaks nclaksnc laksnc;lkansclk an sclkansxc.knaslknascl,Cat-23,Sat - 23,Sc - 23,
A24,T24,O24,kascbascjk ladj clakn ladkncl kancl;ascl ka kl;cml;kasmclakscnlaks nclaksnc laksnc;lkansclk an sclkansxc.knaslknascl,Cat-24,Sat - 24,Sc - 24,
A25,T25,O25,kascbascjk ladj clakn ladkncl kancl;ascl ka kl;cml;kasmclakscnlaks nclaksnc laksnc;lkansclk an sclkansxc.knaslknascl,Cat-25,Sat - 25,Sc - 25,
A26,T26,O26,kascbascjk ladj clakn ladkncl kancl;ascl ka kl;cml;kasmclakscnlaks nclaksnc laksnc;lkansclk an sclkansxc.knaslknascl,Cat-26,Sat - 26,Sc - 26,
A27,T27,O27,kascbascjk ladj clakn ladkncl kancl;ascl ka kl;cml;kasmclakscnlaks nclaksnc laksnc;lkansclk an sclkansxc.knaslknascl,Cat-27,Sat - 27,Sc - 27,
A28,T28,O28,kascbascjk ladj clakn ladkncl kancl;ascl ka kl;cml;kasmclakscnlaks nclaksnc laksnc;lkansclk an sclkansxc.knaslknascl,Cat-28,Sat - 28,Sc - 28,
A29,T29,O29,kascbascjk ladj clakn ladkncl kancl;ascl ka kl;cml;kasmclakscnlaks nclaksnc laksnc;lkansclk an sclkansxc.knaslknascl,Cat-29,Sat - 29,Sc - 29,
A30,T30,O30,kascbascjk ladj clakn ladkncl kancl;ascl ka kl;cml;kasmclakscnlaks nclaksnc laksnc;lkansclk an sclkansxc.knaslknascl,Cat-30,Sat - 30,Sc - 30,
A31,T31,O31,kascbascjk ladj clakn ladkncl kancl;ascl ka kl;cml;kasmclakscnlaks nclaksnc laksnc;lkansclk an sclkansxc.knaslknascl,Cat-31,Sat - 31,Sc - 31,
A32,T32,O32,kascbascjk ladj clakn ladkncl kancl;ascl ka kl;cml;kasmclakscnlaks nclaksnc laksnc;lkansclk an sclkansxc.knaslknascl,Cat-32,Sat - 32,Sc - 32,
